<ImportExportXml xmlns:xsi="http://www.w3.org/2001/XMLSchema-instance">
  <Entities></Entities>
  <Roles></Roles>
  <Workflows></Workflows>
  <FieldSecurityProfiles></FieldSecurityProfiles>
  <Templates />
  <EntityMaps />
  <EntityRelationships />
  <OrganizationSettings />
  <optionsets />
  <CustomControls />
  <EntityDataProviders />
  <CanvasApps>
    <CanvasApp>
      <Name>cre8d_customnotification_87280</Name>
      <AppVersion>2024-02-18T08:36:07Z</AppVersion>
      <Status>Ready</Status>
      <CreatedByClientVersion>3.24021.12.0</CreatedByClientVersion>
      <MinClientVersion>3.24021.12.0</MinClientVersion>
      <Tags>{"primaryDeviceWidth":"640","primaryDeviceHeight":"1136","supportsPortrait":"true","supportsLandscape":"true","primaryFormFactor":"Phone","showStatusBar":"false","publisherVersion":"3.24021.12","minimumRequiredApiVersion":"2.2.0","hasComponent":"true","hasUnlockedComponent":"true","isUnifiedRootApp":"false","offlineLargeFilesSupport":"false","sienaVersion":"20240218T041741Z-3.24021.12.0"}</Tags>
      <IsCdsUpgraded>0</IsCdsUpgraded>
      <GalleryItemId xsi:nil="true"></GalleryItemId>
      <BackgroundColor>RGBA(251,101,60,1)</BackgroundColor>
      <DisplayName>Custom Notification</DisplayName>
      <Description xsi:nil="true"></Description>
      <CommitMessage xsi:nil="true"></CommitMessage>
      <Publisher xsi:nil="true"></Publisher>
      <AuthorizationReferences>[]</AuthorizationReferences>
      <ConnectionReferences>{}</ConnectionReferences>
      <DatabaseReferences>{}</DatabaseReferences>
      <AppComponents>[{"appComponentName":"a88f7a68c63d4c0f8b97481d706b05d7","displayName":"CustomNotificatoin_HDG","appName":"66721f37-4b19-4a68-bf57-fd2ccbadeec3","appVersion":"2024-02-18T08:36:07Z","appComponentLibraryLogicalName":"cre8d_customnotification_87280","appDisplayName":"Custom Notification","environmentName":"14fcf141-73c8-44e6-b5a5-581c0f6343f8","owner":{"id":"f204e81a-c336-414d-a8c1-d609110e0b70","displayName":"하동균 대리","email":"donggyun.ha@sycns.onmicrosoft.com","type":"User","tenantId":"b912cef2-57b8-4369-ab61-ed746c970dab","userPrincipalName":"donggyun.ha@sycns.onmicrosoft.com"},"allowCustomization":true,"createdOn":"2024-02-16T05:57:50.287Z","lastModifiedOn":"2024-02-18T08:31:57.713Z","connectionReferences":{},"databaseReferences":{}}]</AppComponents>
      <AppComponentDependencies>[]</AppComponentDependencies>
      <CanConsumeAppPass>1</CanConsumeAppPass>
      <CanvasAppType>1</CanvasAppType>
      <BypassConsent>0</BypassConsent>
      <AdminControlBypassConsent>0</AdminControlBypassConsent>
      <EmbeddedApp xsi:nil="true"></EmbeddedApp>
      <IntroducedVersion>1.0</IntroducedVersion>
      <CdsDependencies>{"cdsdependencies":[]}</CdsDependencies>
      <IsCustomizable>1</IsCustomizable>
      <BackgroundImageUri>/CanvasApps/cre8d_customnotification_87280_BackgroundImageUri</BackgroundImageUri>
      <DocumentUri>/CanvasApps/cre8d_customnotification_87280_DocumentUri.msapp</DocumentUri>
      <AdditionalUris>
        <AdditionalUri>/CanvasApps/cre8d_customnotification_87280_AdditionalUris0_identity.json</AdditionalUri>
      </AdditionalUris>
    </CanvasApp>
  </CanvasApps>
  <Languages>
    <Language>1042</Language>
    <Language>1033</Language>
  </Languages>
</ImportExportXml>